ANO_MES,COD_EMPRESA,CD_CIDADE,CD_ESTADO,receita,receita_ano_anterior,variacao_receita_yoy,quantidade_vendida,qtd_vendida_estoque,qtd_vendida_estoque_ano_anterior,variacao_qtd_vendida_estoque_yoy,linhas_venda_diarias,linhas_venda_diarias_ano_anterior,variacao_linhas_venda_diarias_yoy,skus_vendidos,skus_vendidos_ano_anterior,dias_com_venda,dias_com_venda_ano_anterior,variacao_dias_com_venda_yoy,ticket_medio_linha,preco_medio_vendido,loja_comparavel_yoy,status_loja_mes,interpretacao_dias_com_venda,denominador_linhas
2024-01,1,Garanhuns,PE,888810.52122,,,12291.94,12338.94,,,3121,,,800.0,,27.0,,,284.78389016981737,72.30840056329595,,nova_ou_sem_base_yoy,dias com ao menos uma linha de venda; nao prova abertura ou fechamento operacional,linhas de venda diarias
2024-01,2,Recife,PE,2898910.269467492,,,41583.62,43073.62,,,8824,,,1361.0,,30.0,,,328.52564250538217,69.71279242806403,,nova_ou_sem_base_yoy,dias com ao menos uma linha de venda; nao prova abertura ou fechamento operacional,linhas de venda diarias
2024-01,3,Salvador,BA,3951068.3279215503,,,49915.01,50040.01,,,9204,,,1269.0,,30.0,,,429.27730638000327,79.15591578408078,,nova_ou_sem_base_yoy,dias com ao menos uma linha de venda; nao prova abertura ou fechamento operacional,linhas de venda diarias
2024-01,4,Recife,PE,2377800.464265381,,,37829.13,39181.13,,,8955,,,1298.0,,30.0,,,265.5276900352184,62.856334900257586,,nova_ou_sem_base_yoy,dias com ao menos uma linha de venda; nao prova abertura ou fechamento operacional,linhas de venda diarias
2024-01,5,Aracaju,SE,1484624.0771902797,,,19893.88,19893.88,,,5272,,,1002.0,,30.0,,,281.60547746401363,74.62717565353162,,nova_ou_sem_base_yoy,dias com ao menos uma linha de venda; nao prova abertura ou fechamento operacional,linhas de venda diarias
2024-01,6,Joao Pessoa,PB,2044981.3317327956,,,30665.77,30996.77,,,6715,,,1124.0,,30.0,,,304.5392899080857,66.68612370512123,,nova_ou_sem_base_yoy,dias com ao menos uma linha de venda; nao prova abertura ou fechamento operacional,linhas de venda diarias
2024-01,7,Natal,RN,1446371.7401195888,,,18523.25,18763.25,,,5309,,,982.0,,30.0,,,272.43769827078336,78.08412347291046,,nova_ou_sem_base_yoy,dias com ao menos uma linha de venda; nao prova abertura ou fechamento operacional,linhas de venda diarias
2024-01,8,Caruaru,PE,1056258.1262612354,,,15772.33,15854.33,,,3820,,,906.0,,30.0,,,276.5073628956114,66.96906077042742,,nova_ou_sem_base_yoy,dias com ao menos uma linha de venda; nao prova abertura ou fechamento operacional,linhas de venda diarias
2024-01,9,Salvador,BA,0.0,,,0.0,0.0,,,0,,,0.0,,0.0,,,,,False,dados_insuficientes,dias com ao menos uma linha de venda; nao prova abertura ou fechamento operacional,linhas de venda diarias
2024-01,92,Cabo De Santo Agostinho,PE,1377053.8054175,,,2571.78,2571.78,,,532,,,129.0,,30.0,,,2588.4470026644735,535.4477464703434,,nova_ou_sem_base_yoy,dias com ao menos uma linha de venda; nao prova abertura ou fechamento operacional,linhas de venda diarias
2024-01,93,Alhandra,PB,8850265.719804663,,,6101.0,6101.0,,,1295,,,154.0,,30.0,,,6834.182023015184,1450.625425308091,,nova_ou_sem_base_yoy,dias com ao menos uma linha de venda; nao prova abertura ou fechamento operacional,linhas de venda diarias
2024-02,1,Garanhuns,PE,889770.7888973077,,,12512.86,12599.86,,,2584,,,720.0,,23.0,,,344.3385405949333,71.10850668011211,,nova_ou_sem_base_yoy,dias com ao menos uma linha de venda; nao prova abertura ou fechamento operacional,linhas de venda diarias
2024-02,2,Recife,PE,2538134.9247231656,,,38231.16,38990.16,,,7788,,,1334.0,,28.0,,,325.90330312315945,66.38916854009048,,nova_ou_sem_base_yoy,dias com ao menos uma linha de venda; nao prova abertura ou fechamento operacional,linhas de venda diarias
2024-02,3,Salvador,BA,3281058.2543630404,,,44016.96,44902.96,,,8637,,,1301.0,,28.0,,,379.88401694605074,74.54077370093347,,nova_ou_sem_base_yoy,dias com ao menos uma linha de venda; nao prova abertura ou fechamento operacional,linhas de venda diarias
2024-02,4,Recife,PE,2001767.8486829787,,,29622.02,30718.02,,,7952,,,1254.0,,28.0,,,251.7313693011794,67.57702036130482,,nova_ou_sem_base_yoy,dias com ao menos uma linha de venda; nao prova abertura ou fechamento operacional,linhas de venda diarias
2024-02,5,Aracaju,SE,1200301.8426274941,,,19765.22,19793.22,,,4768,,,983.0,,27.0,,,251.7411582691892,60.7279778635145,,nova_ou_sem_base_yoy,dias com ao menos uma linha de venda; nao prova abertura ou fechamento operacional,linhas de venda diarias
2024-02,6,Joao Pessoa,PB,1698074.744621457,,,24855.06,24999.06,,,6145,,,1133.0,,29.0,,,276.33437666744624,68.3190764625576,,nova_ou_sem_base_yoy,dias com ao menos uma linha de venda; nao prova abertura ou fechamento operacional,linhas de venda diarias
2024-02,7,Natal,RN,1229618.6960014163,,,17101.22,17278.22,,,4895,,,987.0,,29.0,,,251.19891644564174,71.90239620339463,,nova_ou_sem_base_yoy,dias com ao menos uma linha de venda; nao prova abertura ou fechamento operacional,linhas de venda diarias
2024-02,8,Caruaru,PE,794321.6472136364,,,13596.6,13949.6,,,3289,,,844.0,,26.0,,,241.50855798529537,58.42060862374685,,nova_ou_sem_base_yoy,dias com ao menos uma linha de venda; nao prova abertura ou fechamento operacional,linhas de venda diarias
2024-02,9,Salvador,BA,0.0,,,0.0,0.0,,,0,,,0.0,,0.0,,,,,False,dados_insuficientes,dias com ao menos uma linha de venda; nao prova abertura ou fechamento operacional,linhas de venda diarias
2024-02,92,Cabo De Santo Agostinho,PE,1202180.567714095,,,1818.1,1818.1,,,483,,,124.0,,29.0,,,2488.986682637878,661.2290675507921,,nova_ou_sem_base_yoy,dias com ao menos uma linha de venda; nao prova abertura ou fechamento operacional,linhas de venda diarias
2024-02,93,Alhandra,PB,5601541.61021624,,,3646.0,3646.0,,,1175,,,141.0,,29.0,,,4767.269455503183,1536.3526083972135,,nova_ou_sem_base_yoy,dias com ao menos uma linha de venda; nao prova abertura ou fechamento operacional,linhas de venda diarias
2024-03,1,Garanhuns,PE,824354.94911,,,12784.25,12908.25,,,2975,,,783.0,,29.0,,,277.0941005411765,64.48207357568884,,nova_ou_sem_base_yoy,dias com ao menos uma linha de venda; nao prova abertura ou fechamento operacional,linhas de venda diarias
2024-03,2,Recife,PE,2555972.543721366,,,38160.08,38992.08,,,8851,,,1390.0,,31.0,,,288.7778266547696,66.98027215145686,,nova_ou_sem_base_yoy,dias com ao menos uma linha de venda; nao prova abertura ou fechamento operacional,linhas de venda diarias
2024-03,3,Salvador,BA,3777554.6661738763,,,47458.66,47574.66,,,9049,,,1344.0,,30.0,,,417.4554830560146,79.59674095673742,,nova_ou_sem_base_yoy,dias com ao menos uma linha de venda; nao prova abertura ou fechamento operacional,linhas de venda diarias
2024-03,4,Recife,PE,1950556.1358641444,,,30040.65,30925.65,,,8751,,,1341.0,,31.0,,,222.89522750133065,64.93055695746078,,nova_ou_sem_base_yoy,dias com ao menos uma linha de venda; nao prova abertura ou fechamento operacional,linhas de venda diarias
2024-03,5,Aracaju,SE,1393268.0813309306,,,19303.69,19481.69,,,4856,,,979.0,,29.0,,,286.9168207024157,72.17625652561405,,nova_ou_sem_base_yoy,dias com ao menos uma linha de venda; nao prova abertura ou fechamento operacional,linhas de venda diarias
2024-03,6,Joao Pessoa,PB,1725907.1008829498,,,25726.58,25946.58,,,6553,,,1191.0,,31.0,,,263.376636789707,67.08653466115393,,nova_ou_sem_base_yoy,dias com ao menos uma linha de venda; nao prova abertura ou fechamento operacional,linhas de venda diarias
2024-03,7,Natal,RN,1029128.3098601961,,,14525.67,14669.67,,,4714,,,980.0,,30.0,,,218.31317561735173,70.84893914430081,,nova_ou_sem_base_yoy,dias com ao menos uma linha de venda; nao prova abertura ou fechamento operacional,linhas de venda diarias
2024-03,8,Caruaru,PE,984683.7049850001,,,16299.84,16517.84,,,4184,,,965.0,,30.0,,,235.34505377270557,60.410636238453876,,nova_ou_sem_base_yoy,dias com ao menos uma linha de venda; nao prova abertura ou fechamento operacional,linhas de venda diarias
2024-03,9,Salvador,BA,791620.6771581818,,,17414.25,17549.25,,,2966,,,799.0,,11.0,,,266.8984076730215,45.45821250746841,,nova_ou_sem_base_yoy,dias com ao menos uma linha de venda; nao prova abertura ou fechamento operacional,linhas de venda diarias
2024-03,92,Cabo De Santo Agostinho,PE,1327785.88094,,,2868.41,2868.41,,,494,,,138.0,,31.0,,,2687.8256699190283,462.8996137023648,,nova_ou_sem_base_yoy,dias com ao menos uma linha de venda; nao prova abertura ou fechamento operacional,linhas de venda diarias
2024-03,93,Alhandra,PB,10160748.937875137,,,6987.0,6987.0,,,1636,,,161.0,,31.0,,,6210.726734642504,1454.236287086752,,nova_ou_sem_base_yoy,dias com ao menos uma linha de venda; nao prova abertura ou fechamento operacional,linhas de venda diarias
2024-04,1,Garanhuns,PE,887916.5579375001,,,12981.99,12992.99,,,3214,,,852.0,,26.0,,,276.26526382622905,68.39602849312779,,nova_ou_sem_base_yoy,dias com ao menos uma linha de venda; nao prova abertura ou fechamento operacional,linhas de venda diarias
2024-04,2,Recife,PE,2803905.868504417,,,40875.51,41333.51,,,9124,,,1517.0,,30.0,,,307.3110333740045,68.59622958843613,,nova_ou_sem_base_yoy,dias com ao menos uma linha de venda; nao prova abertura ou fechamento operacional,linhas de venda diarias
2024-04,3,Salvador,BA,3281012.8071191604,,,49560.87,50782.87,,,9221,,,1368.0,,30.0,,,355.81962987953153,66.20167900844275,,nova_ou_sem_base_yoy,dias com ao menos uma linha de venda; nao prova abertura ou fechamento operacional,linhas de venda diarias
2024-04,4,Recife,PE,2180513.4878816665,,,35289.96,36939.96,,,9190,,,1408.0,,30.0,,,237.27023807199853,61.78849417459432,,nova_ou_sem_base_yoy,dias com ao menos uma linha de venda; nao prova abertura ou fechamento operacional,linhas de venda diarias
2024-04,5,Aracaju,SE,1331019.8123755704,,,20399.23,20402.23,,,5193,,,1063.0,,30.0,,,256.31038173995194,65.2485320463356,,nova_ou_sem_base_yoy,dias com ao menos uma linha de venda; nao prova abertura ou fechamento operacional,linhas de venda diarias
2024-04,6,Joao Pessoa,PB,1713558.880684231,,,25195.36,25383.36,,,6616,,,1216.0,,30.0,,,259.0022491965283,68.01089092135341,,nova_ou_sem_base_yoy,dias com ao menos uma linha de venda; nao prova abertura ou fechamento operacional,linhas de venda diarias
2024-04,7,Natal,RN,1150166.30904375,,,17268.73,17771.73,,,4945,,,1027.0,,30.0,,,232.59177129297268,66.60398935206874,,nova_ou_sem_base_yoy,dias com ao menos uma linha de venda; nao prova abertura ou fechamento operacional,linhas de venda diarias
2024-04,8,Caruaru,PE,993245.5543600001,,,17417.28,17953.28,,,4376,,,1042.0,,30.0,,,226.97567512797076,57.02644467792905,,nova_ou_sem_base_yoy,dias com ao menos uma linha de venda; nao prova abertura ou fechamento operacional,linhas de venda diarias
2024-04,9,Salvador,BA,1492215.3249923286,,,28326.47,28659.47,,,6905,,,1086.0,,30.0,,,216.10649167158996,52.6791839926517,,nova_ou_sem_base_yoy,dias com ao menos uma linha de venda; nao prova abertura ou fechamento operacional,linhas de venda diarias
2024-04,92,Cabo De Santo Agostinho,PE,1100568.5042275,,,2919.18,2919.18,,,418,,,138.0,,30.0,,,2632.939005328947,377.01289548006633,,nova_ou_sem_base_yoy,dias com ao menos uma linha de venda; nao prova abertura ou fechamento operacional,linhas de venda diarias
2024-04,93,Alhandra,PB,9426878.235105865,,,6527.0,6527.0,,,1699,,,178.0,,30.0,,,5548.486306713281,1444.2896024369334,,nova_ou_sem_base_yoy,dias com ao menos uma linha de venda; nao prova abertura ou fechamento operacional,linhas de venda diarias
2024-05,1,Garanhuns,PE,1160491.0834987878,,,16135.06,16199.06,,,3757,,,938.0,,28.0,,,308.88769856236036,71.92356790112883,,nova_ou_sem_base_yoy,dias com ao menos uma linha de venda; nao prova abertura ou fechamento operacional,linhas de venda diarias
2024-05,2,Recife,PE,2949179.3482771246,,,44795.36,45465.36,,,9594,,,1576.0,,31.0,,,307.3983060534839,65.83671496952195,,nova_ou_sem_base_yoy,dias com ao menos uma linha de venda; nao prova abertura ou fechamento operacional,linhas de venda diarias
2024-05,3,Salvador,BA,3693302.776110422,,,47178.98,47508.98,,,9450,,,1467.0,,31.0,,,390.8256905936954,78.28280255551141,,nova_ou_sem_base_yoy,dias com ao menos uma linha de venda; nao prova abertura ou fechamento operacional,linhas de venda diarias
2024-05,4,Recife,PE,2494256.382556912,,,39288.12,39971.12,,,10065,,,1529.0,,31.0,,,247.8148417840946,63.486274796475676,,nova_ou_sem_base_yoy,dias com ao menos uma linha de venda; nao prova abertura ou fechamento operacional,linhas de venda diarias
2024-05,5,Aracaju,SE,1380510.8651160991,,,22345.07,22361.07,,,5447,,,1135.0,,30.0,,,253.4442564927665,61.781451797470275,,nova_ou_sem_base_yoy,dias com ao menos uma linha de venda; nao prova abertura ou fechamento operacional,linhas de venda diarias
2024-05,6,Joao Pessoa,PB,2137446.9695749977,,,31711.55,32278.55,,,7523,,,1359.0,,31.0,,,284.12162296623654,67.40279076787472,,nova_ou_sem_base_yoy,dias com ao menos uma linha de venda; nao prova abertura ou fechamento operacional,linhas de venda diarias
2024-05,7,Natal,RN,1229028.6001588237,,,16584.69,16771.69,,,5226,,,1133.0,,30.0,,,235.1757750016884,74.10621483783078,,nova_ou_sem_base_yoy,dias com ao menos uma linha de venda; nao prova abertura ou fechamento operacional,linhas de venda diarias
2024-05,8,Caruaru,PE,1244679.6474875,,,21586.52,22454.52,,,4841,,,1117.0,,31.0,,,257.1120940895476,57.66004189130531,,nova_ou_sem_base_yoy,dias com ao menos uma linha de venda; nao prova abertura ou fechamento operacional,linhas de venda diarias
2024-05,9,Salvador,BA,1192450.33198,,,21495.47,22023.47,,,6171,,,1136.0,,30.0,,,193.23453767298656,55.47449448558231,,nova_ou_sem_base_yoy,dias com ao menos uma linha de venda; nao prova abertura ou fechamento operacional,linhas de venda diarias
2024-05,92,Cabo De Santo Agostinho,PE,1434311.4612145454,,,2847.38,2847.38,,,509,,,155.0,,31.0,,,2817.9007096552955,503.7302577157054,,nova_ou_sem_base_yoy,dias com ao menos uma linha de venda; nao prova abertura ou fechamento operacional,linhas de venda diarias
2024-05,93,Alhandra,PB,9005094.011861712,,,6031.0,6031.0,,,1813,,,182.0,,31.0,,,4966.957535500117,1493.1344738619982,,nova_ou_sem_base_yoy,dias com ao menos uma linha de venda; nao prova abertura ou fechamento operacional,linhas de venda diarias
2024-06,1,Garanhuns,PE,992640.4534550001,,,14386.34,14599.34,,,3410,,,908.0,,26.0,,,291.0969071715543,68.99881786854753,,nova_ou_sem_base_yoy,dias com ao menos uma linha de venda; nao prova abertura ou fechamento operacional,linhas de venda diarias
2024-06,2,Recife,PE,2744820.241200064,,,42845.91,44154.91,,,9185,,,1564.0,,30.0,,,298.83726088187956,64.06259643452698,,nova_ou_sem_base_yoy,dias com ao menos uma linha de venda; nao prova abertura ou fechamento operacional,linhas de venda diarias
2024-06,3,Salvador,BA,3480444.672940254,,,45365.68,45498.68,,,9119,,,1450.0,,30.0,,,381.6695550981746,76.71977302974967,,nova_ou_sem_base_yoy,dias com ao menos uma linha de venda; nao prova abertura ou fechamento operacional,linhas de venda diarias
2024-06,4,Recife,PE,2249153.868230513,,,36174.75,37150.75,,,9802,,,1519.0,,30.0,,,229.45866845853018,62.17469003187342,,nova_ou_sem_base_yoy,dias com ao menos uma linha de venda; nao prova abertura ou fechamento operacional,linhas de venda diarias
2024-06,5,Aracaju,SE,1202925.351215,,,19490.63,19553.63,,,5358,,,1133.0,,29.0,,,224.5101439371034,61.7181359050477,,nova_ou_sem_base_yoy,dias com ao menos uma linha de venda; nao prova abertura ou fechamento operacional,linhas de venda diarias
2024-06,6,Joao Pessoa,PB,1810599.928870611,,,28077.42,28343.42,,,7052,,,1335.0,,30.0,,,256.74984810984273,64.48597944079658,,nova_ou_sem_base_yoy,dias com ao menos uma linha de venda; nao prova abertura ou fechamento operacional,linhas de venda diarias
2024-06,7,Natal,RN,1127506.03693,,,16568.28,16692.28,,,5188,,,1100.0,,30.0,,,217.32961390323823,68.05208729753481,,nova_ou_sem_base_yoy,dias com ao menos uma linha de venda; nao prova abertura ou fechamento operacional,linhas de venda diarias
2024-06,8,Caruaru,PE,1047103.76222,,,18230.74,18405.74,,,4488,,,1071.0,,30.0,,,233.31188997771838,57.43616343713968,,nova_ou_sem_base_yoy,dias com ao menos uma linha de venda; nao prova abertura ou fechamento operacional,linhas de venda diarias
2024-06,9,Salvador,BA,1037602.8295792075,,,22147.1,22413.1,,,5792,,,1130.0,,30.0,,,179.1441349411615,46.85050546478806,,nova_ou_sem_base_yoy,dias com ao menos uma linha de venda; nao prova abertura ou fechamento operacional,linhas de venda diarias
2024-06,92,Cabo De Santo Agostinho,PE,930439.3158900001,,,2477.4700000000003,2477.4700000000003,,,440,,,140.0,,30.0,,,2114.6348088409095,375.56027555934077,,nova_ou_sem_base_yoy,dias com ao menos uma linha de venda; nao prova abertura ou fechamento operacional,linhas de venda diarias
2024-06,93,Alhandra,PB,6835387.765213522,,,4678.0,4678.0,,,1681,,,180.0,,30.0,,,4066.2627990562296,1461.1773760610351,,nova_ou_sem_base_yoy,dias com ao menos uma linha de venda; nao prova abertura ou fechamento operacional,linhas de venda diarias
2024-07,1,Garanhuns,PE,1095435.5354000002,,,15816.9,15967.9,,,4111,,,1030.0,,28.0,,,266.4644941376794,69.25728400634765,,nova_ou_sem_base_yoy,dias com ao menos uma linha de venda; nao prova abertura ou fechamento operacional,linhas de venda diarias
2024-07,2,Recife,PE,2735725.0435985588,,,45232.31,46126.31,,,10209,,,1596.0,,31.0,,,267.97189182080115,60.48165666530316,,nova_ou_sem_base_yoy,dias com ao menos uma linha de venda; nao prova abertura ou fechamento operacional,linhas de venda diarias
2024-07,3,Salvador,BA,3255275.8154579937,,,45172.54,45384.54,,,10017,,,1509.0,,31.0,,,324.97512383527936,72.0631564100224,,nova_ou_sem_base_yoy,dias com ao menos uma linha de venda; nao prova abertura ou fechamento operacional,linhas de venda diarias
2024-07,4,Recife,PE,2314918.4283521213,,,35701.74,36741.74,,,10570,,,1573.0,,31.0,,,219.0083659746567,64.84049316229745,,nova_ou_sem_base_yoy,dias com ao menos uma linha de venda; nao prova abertura ou fechamento operacional,linhas de venda diarias
2024-07,5,Aracaju,SE,1185675.7281366668,,,17774.12,17882.12,,,5879,,,1208.0,,31.0,,,201.67983128706697,66.70798487557566,,nova_ou_sem_base_yoy,dias com ao menos uma linha de venda; nao prova abertura ou fechamento operacional,linhas de venda diarias
2024-07,6,Joao Pessoa,PB,1909156.092915303,,,26769.93,27092.93,,,7540,,,1402.0,,31.0,,,253.20372585083595,71.31718659388736,,nova_ou_sem_base_yoy,dias com ao menos uma linha de venda; nao prova abertura ou fechamento operacional,linhas de venda diarias
2024-07,7,Natal,RN,1093178.6193600001,,,16043.22,16055.22,,,5770,,,1161.0,,31.0,,,189.4590328180243,68.1396016111479,,nova_ou_sem_base_yoy,dias com ao menos uma linha de venda; nao prova abertura ou fechamento operacional,linhas de venda diarias
2024-07,8,Caruaru,PE,1143746.57026,,,17396.34,17540.34,,,4871,,,1137.0,,31.0,,,234.8073435146787,65.7463909224584,,nova_ou_sem_base_yoy,dias com ao menos uma linha de venda; nao prova abertura ou fechamento operacional,linhas de venda diarias
2024-07,9,Salvador,BA,1174228.3215264103,,,20474.13,20621.13,,,6441,,,1199.0,,31.0,,,182.30528202552557,57.351805499252485,,nova_ou_sem_base_yoy,dias com ao menos uma linha de venda; nao prova abertura ou fechamento operacional,linhas de venda diarias
2024-07,92,Cabo De Santo Agostinho,PE,1298387.0884203846,,,2888.56,2888.56,,,531,,,134.0,,31.0,,,2445.1734245204984,449.49285748621617,,nova_ou_sem_base_yoy,dias com ao menos uma linha de venda; nao prova abertura ou fechamento operacional,linhas de venda diarias
2024-07,93,Alhandra,PB,7186088.209952032,,,5240.0,5240.0,,,1761,,,182.0,,31.0,,,4080.686093101665,1371.3908797618383,,nova_ou_sem_base_yoy,dias com ao menos uma linha de venda; nao prova abertura ou fechamento operacional,linhas de venda diarias
2024-08,1,Garanhuns,PE,1040889.6889300001,,,13634.17,13665.17,,,3486,,,970.0,,28.0,,,298.59141965863455,76.34419175718068,,nova_ou_sem_base_yoy,dias com ao menos uma linha de venda; nao prova abertura ou fechamento operacional,linhas de venda diarias
2024-08,2,Recife,PE,2541923.2548775314,,,43523.2,43807.2,,,9921,,,1575.0,,31.0,,,256.21643532683515,58.4038686235739,,nova_ou_sem_base_yoy,dias com ao menos uma linha de venda; nao prova abertura ou fechamento operacional,linhas de venda diarias
2024-08,3,Salvador,BA,3240706.148118321,,,47739.94,48003.94,,,9313,,,1546.0,,31.0,,,347.9766077653088,67.88249310992684,,nova_ou_sem_base_yoy,dias com ao menos uma linha de venda; nao prova abertura ou fechamento operacional,linhas de venda diarias
2024-08,4,Recife,PE,2250315.253630576,,,35606.02,36373.02,,,9795,,,1562.0,,31.0,,,229.74122038086537,63.2004153688218,,nova_ou_sem_base_yoy,dias com ao menos uma linha de venda; nao prova abertura ou fechamento operacional,linhas de venda diarias
2024-08,5,Aracaju,SE,1187482.3916550002,,,18724.04,18748.04,,,5598,,,1210.0,,31.0,,,212.12618643354773,63.420201604728476,,nova_ou_sem_base_yoy,dias com ao menos uma linha de venda; nao prova abertura ou fechamento operacional,linhas de venda diarias
2024-08,6,Joao Pessoa,PB,1809354.3410536365,,,26068.58,26292.58,,,7257,,,1348.0,,31.0,,,249.32538804652563,69.40747601340911,,nova_ou_sem_base_yoy,dias com ao menos uma linha de venda; nao prova abertura ou fechamento operacional,linhas de venda diarias
2024-08,7,Natal,RN,1071175.3442250001,,,14689.51,14877.51,,,5292,,,1190.0,,31.0,,,202.4140862103175,72.92110793518641,,nova_ou_sem_base_yoy,dias com ao menos uma linha de venda; nao prova abertura ou fechamento operacional,linhas de venda diarias
2024-08,8,Caruaru,PE,1126192.2534100001,,,17751.13,18303.13,,,4758,,,1159.0,,31.0,,,236.69446267549392,63.44341196363274,,nova_ou_sem_base_yoy,dias com ao menos uma linha de venda; nao prova abertura ou fechamento operacional,linhas de venda diarias
2024-08,9,Salvador,BA,1234619.7435462237,,,22588.67,22703.67,,,6272,,,1234.0,,31.0,,,196.8462601317321,54.656593041831314,,nova_ou_sem_base_yoy,dias com ao menos uma linha de venda; nao prova abertura ou fechamento operacional,linhas de venda diarias
2024-08,92,Cabo De Santo Agostinho,PE,1120571.6577125,,,2862.52,2865.52,,,465,,,134.0,,31.0,,,2409.831521962366,391.46334618186074,,nova_ou_sem_base_yoy,dias com ao menos uma linha de venda; nao prova abertura ou fechamento operacional,linhas de venda diarias
2024-08,93,Alhandra,PB,7557681.113531544,,,4891.0,4891.0,,,1676,,,176.0,,31.0,,,4509.356272990181,1545.2220636948566,,nova_ou_sem_base_yoy,dias com ao menos uma linha de venda; nao prova abertura ou fechamento operacional,linhas de venda diarias
2024-09,1,Garanhuns,PE,718257.69372,,,10409.24,10488.24,,,2894,,,893.0,,27.0,,,248.1885603731859,69.00193421613874,,nova_ou_sem_base_yoy,dias com ao menos uma linha de venda; nao prova abertura ou fechamento operacional,linhas de venda diarias
2024-09,2,Recife,PE,2379152.9361300804,,,36270.73,36692.73,,,9024,,,1533.0,,30.0,,,263.64726685838656,65.59429424580317,,nova_ou_sem_base_yoy,dias com ao menos uma linha de venda; nao prova abertura ou fechamento operacional,linhas de venda diarias
2024-09,3,Salvador,BA,3475767.773019902,,,36629.51,36913.51,,,8494,,,1473.0,,30.0,,,409.20270461736544,94.88982443444921,,nova_ou_sem_base_yoy,dias com ao menos uma linha de venda; nao prova abertura ou fechamento operacional,linhas de venda diarias
2024-09,4,Recife,PE,1833644.0674007577,,,29020.8,29464.8,,,8601,,,1467.0,,30.0,,,213.18963694928004,63.18378774536738,,nova_ou_sem_base_yoy,dias com ao menos uma linha de venda; nao prova abertura ou fechamento operacional,linhas de venda diarias
2024-09,5,Aracaju,SE,992230.0215828877,,,14716.2,14780.2,,,4842,,,1088.0,,30.0,,,204.9215244904766,67.4243365531107,,nova_ou_sem_base_yoy,dias com ao menos uma linha de venda; nao prova abertura ou fechamento operacional,linhas de venda diarias
2024-09,6,Joao Pessoa,PB,1696578.3397361364,,,23508.76,23710.76,,,6542,,,1338.0,,30.0,,,259.3363405282997,72.16792122324344,,nova_ou_sem_base_yoy,dias com ao menos uma linha de venda; nao prova abertura ou fechamento operacional,linhas de venda diarias
2024-09,7,Natal,RN,828752.4413318182,,,14509.62,14677.62,,,4807,,,1142.0,,30.0,,,172.405334165138,57.11744631022854,,nova_ou_sem_base_yoy,dias com ao menos uma linha de venda; nao prova abertura ou fechamento operacional,linhas de venda diarias
2024-09,8,Caruaru,PE,904987.7430183333,,,13168.38,13192.38,,,4004,,,1077.0,,30.0,,,226.0209148397436,68.72430344646293,,nova_ou_sem_base_yoy,dias com ao menos uma linha de venda; nao prova abertura ou fechamento operacional,linhas de venda diarias
2024-09,9,Salvador,BA,1083687.22422,,,16280.82,16312.82,,,5719,,,1205.0,,30.0,,,189.4889358664102,66.56220167166028,,nova_ou_sem_base_yoy,dias com ao menos uma linha de venda; nao prova abertura ou fechamento operacional,linhas de venda diarias
2024-09,92,Cabo De Santo Agostinho,PE,1789992.4696998077,,,5938.44,5938.44,,,624,,,153.0,,30.0,,,2868.577675800974,301.4246956607809,,nova_ou_sem_base_yoy,dias com ao menos uma linha de venda; nao prova abertura ou fechamento operacional,linhas de venda diarias
2024-09,93,Alhandra,PB,8302762.215621764,,,5206.0,5206.0,,,1646,,,182.0,,30.0,,,5044.205477291473,1594.8448358858554,,nova_ou_sem_base_yoy,dias com ao menos uma linha de venda; nao prova abertura ou fechamento operacional,linhas de venda diarias
2024-10,1,Garanhuns,PE,1005522.314265,,,15922.61,16098.61,,,3371,,,994.0,,27.0,,,298.2860617813705,63.15059618146774,,nova_ou_sem_base_yoy,dias com ao menos uma linha de venda; nao prova abertura ou fechamento operacional,linhas de venda diarias
2024-10,2,Recife,PE,2915956.60095623,,,53327.19,53536.19,,,9811,,,1505.0,,31.0,,,297.21298552198857,54.68048477626947,,nova_ou_sem_base_yoy,dias com ao menos uma linha de venda; nao prova abertura ou fechamento operacional,linhas de venda diarias
2024-10,3,Salvador,BA,4021838.6023551608,,,56399.9,56578.9,,,9060,,,1464.0,,31.0,,,443.91154551381464,71.30932151218639,,nova_ou_sem_base_yoy,dias com ao menos uma linha de venda; nao prova abertura ou fechamento operacional,linhas de venda diarias
2024-10,4,Recife,PE,2316591.1548489234,,,41720.21,41800.21,,,9484,,,1476.0,,31.0,,,244.26309097943098,55.52683351423503,,nova_ou_sem_base_yoy,dias com ao menos uma linha de venda; nao prova abertura ou fechamento operacional,linhas de venda diarias
2024-10,5,Aracaju,SE,1324329.484765,,,19806.43,19898.43,,,5380,,,1140.0,,31.0,,,246.15789679646838,66.86361372367458,,nova_ou_sem_base_yoy,dias com ao menos uma linha de venda; nao prova abertura ou fechamento operacional,linhas de venda diarias
2024-10,6,Joao Pessoa,PB,1979445.9023248313,,,31391.23,31647.23,,,7277,,,1362.0,,31.0,,,272.01400334270045,63.057290278999304,,nova_ou_sem_base_yoy,dias com ao menos uma linha de venda; nao prova abertura ou fechamento operacional,linhas de venda diarias
2024-10,7,Natal,RN,1001736.32096,,,16372.79,16424.79,,,5064,,,1142.0,,31.0,,,197.81522925750394,61.18299452689493,,nova_ou_sem_base_yoy,dias com ao menos uma linha de venda; nao prova abertura ou fechamento operacional,linhas de venda diarias
2024-10,8,Caruaru,PE,1239380.057665,,,23582.920000000002,23586.920000000002,,,4606,,,1121.0,,31.0,,,269.0794740914025,52.55413908307368,,nova_ou_sem_base_yoy,dias com ao menos uma linha de venda; nao prova abertura ou fechamento operacional,linhas de venda diarias
2024-10,9,Salvador,BA,1313776.78945,,,24764.8,24894.8,,,6138,,,1254.0,,30.0,,,214.03988097914632,53.05016755435134,,nova_ou_sem_base_yoy,dias com ao menos uma linha de venda; nao prova abertura ou fechamento operacional,linhas de venda diarias
2024-10,92,Cabo De Santo Agostinho,PE,3264759.719670568,,,4308.97,4309.97,,,796,,,169.0,,31.0,,,4101.456934259508,757.6659200854422,,nova_ou_sem_base_yoy,dias com ao menos uma linha de venda; nao prova abertura ou fechamento operacional,linhas de venda diarias
2024-10,93,Alhandra,PB,11977499.800239377,,,7364.0,7364.0,,,1700,,,173.0,,31.0,,,7045.588117787868,1626.4937262682479,,nova_ou_sem_base_yoy,dias com ao menos uma linha de venda; nao prova abertura ou fechamento operacional,linhas de venda diarias
2024-11,1,Garanhuns,PE,1236347.800065,,,18577.19,18737.19,,,3974,,,992.0,,27.0,,,311.1091595533468,66.55192739402462,,nova_ou_sem_base_yoy,dias com ao menos uma linha de venda; nao prova abertura ou fechamento operacional,linhas de venda diarias
2024-11,2,Recife,PE,4370868.310842551,,,54880.01,55798.01,,,10715,,,1560.0,,30.0,,,407.92051431101737,79.6440873615466,,nova_ou_sem_base_yoy,dias com ao menos uma linha de venda; nao prova abertura ou fechamento operacional,linhas de venda diarias
2024-11,3,Salvador,BA,3759042.4861611654,,,53946.47,54144.47,,,9940,,,1481.0,,30.0,,,378.1732883461937,69.68097238171775,,nova_ou_sem_base_yoy,dias com ao menos uma linha de venda; nao prova abertura ou fechamento operacional,linhas de venda diarias
2024-11,4,Recife,PE,3738993.320422253,,,49597.19,49662.19,,,10657,,,1512.0,,30.0,,,350.84858031549714,75.38720077533128,,nova_ou_sem_base_yoy,dias com ao menos uma linha de venda; nao prova abertura ou fechamento operacional,linhas de venda diarias
2024-11,5,Aracaju,SE,1682292.517130606,,,22053.24,22085.24,,,5963,,,1165.0,,30.0,,,282.1218375198065,76.28323625601526,,nova_ou_sem_base_yoy,dias com ao menos uma linha de venda; nao prova abertura ou fechamento operacional,linhas de venda diarias
2024-11,6,Joao Pessoa,PB,2606211.2310102913,,,38528.9,38872.9,,,8312,,,1371.0,,30.0,,,313.5480306797752,67.64302201750611,,nova_ou_sem_base_yoy,dias com ao menos uma linha de venda; nao prova abertura ou fechamento operacional,linhas de venda diarias
2024-11,7,Natal,RN,1768979.918669706,,,25269.7,25269.7,,,6563,,,1206.0,,30.0,,,269.53830849759345,70.00399366315017,,nova_ou_sem_base_yoy,dias com ao menos uma linha de venda; nao prova abertura ou fechamento operacional,linhas de venda diarias
2024-11,8,Caruaru,PE,1604411.3225226472,,,25141.96,25163.96,,,5604,,,1184.0,,30.0,,,286.2975236478671,63.81409096676024,,nova_ou_sem_base_yoy,dias com ao menos uma linha de venda; nao prova abertura ou fechamento operacional,linhas de venda diarias
2024-11,9,Salvador,BA,1745941.74703,,,30487.37,30495.37,,,7249,,,1311.0,,30.0,,,240.85277238653606,57.267706169144795,,nova_ou_sem_base_yoy,dias com ao menos uma linha de venda; nao prova abertura ou fechamento operacional,linhas de venda diarias
2024-11,92,Cabo De Santo Agostinho,PE,3968534.7930544773,,,4228.78,4228.78,,,853,,,158.0,,30.0,,,4652.444071576175,938.4585608744077,,nova_ou_sem_base_yoy,dias com ao menos uma linha de venda; nao prova abertura ou fechamento operacional,linhas de venda diarias
2024-11,93,Alhandra,PB,20728099.47811743,,,13586.0,13586.0,,,1695,,,167.0,,30.0,,,12228.967243727097,1525.6955305547938,,nova_ou_sem_base_yoy,dias com ao menos uma linha de venda; nao prova abertura ou fechamento operacional,linhas de venda diarias
2024-12,1,Garanhuns,PE,952143.3832050001,,,11084.69,11084.69,,,3428,,,931.0,,26.0,,,277.75477923133025,85.89715934365327,,nova_ou_sem_base_yoy,dias com ao menos uma linha de venda; nao prova abertura ou fechamento operacional,linhas de venda diarias
2024-12,2,Recife,PE,3310300.3250420117,,,42800.65,42932.65,,,9774,,,1466.0,,30.0,,,338.68429763065393,77.34229094749756,,nova_ou_sem_base_yoy,dias com ao menos uma linha de venda; nao prova abertura ou fechamento operacional,linhas de venda diarias
2024-12,3,Salvador,BA,2897371.469295094,,,43323.5,43361.5,,,9121,,,1391.0,,30.0,,,317.65940897874066,66.87759459173644,,nova_ou_sem_base_yoy,dias com ao menos uma linha de venda; nao prova abertura ou fechamento operacional,linhas de venda diarias
2024-12,4,Recife,PE,2974958.775526539,,,40117.8,40391.8,,,10090,,,1410.0,,30.0,,,294.84229688072736,74.15558120152498,,nova_ou_sem_base_yoy,dias com ao menos uma linha de venda; nao prova abertura ou fechamento operacional,linhas de venda diarias
2024-12,5,Aracaju,SE,1281495.9268162588,,,17772.5,18183.5,,,5240,,,1064.0,,30.0,,,244.56029137714862,72.10555221922964,,nova_ou_sem_base_yoy,dias com ao menos uma linha de venda; nao prova abertura ou fechamento operacional,linhas de venda diarias
2024-12,6,Joao Pessoa,PB,1930190.7100498485,,,29917.24,30449.24,,,7775,,,1261.0,,30.0,,,248.25603987779402,64.5176730891569,,nova_ou_sem_base_yoy,dias com ao menos uma linha de venda; nao prova abertura ou fechamento operacional,linhas de venda diarias
2024-12,7,Natal,RN,1391820.8678082258,,,17783.7,17787.7,,,5768,,,1138.0,,30.0,,,241.30042784469933,78.26385216845908,,nova_ou_sem_base_yoy,dias com ao menos uma linha de venda; nao prova abertura ou fechamento operacional,linhas de venda diarias
2024-12,8,Caruaru,PE,1238085.9055366667,,,17392.3,17407.3,,,4643,,,1088.0,,30.0,,,266.65645176322784,71.18586417763417,,nova_ou_sem_base_yoy,dias com ao menos uma linha de venda; nao prova abertura ou fechamento operacional,linhas de venda diarias
2024-12,9,Salvador,BA,1368485.1600020833,,,23048.88,23257.88,,,7230,,,1288.0,,30.0,,,189.27872199198939,59.37317388099045,,nova_ou_sem_base_yoy,dias com ao menos uma linha de venda; nao prova abertura ou fechamento operacional,linhas de venda diarias
2024-12,92,Cabo De Santo Agostinho,PE,1102413.38592,,,1503.56,1503.56,,,394,,,118.0,,30.0,,,2798.003517563452,733.2021242384741,,nova_ou_sem_base_yoy,dias com ao menos uma linha de venda; nao prova abertura ou fechamento operacional,linhas de venda diarias
2024-12,93,Alhandra,PB,9187712.99660055,,,5532.0,5532.0,,,1203,,,147.0,,30.0,,,7637.3341617627175,1660.830259689181,,nova_ou_sem_base_yoy,dias com ao menos uma linha de venda; nao prova abertura ou fechamento operacional,linhas de venda diarias
2025-01,1,Garanhuns,PE,734519.1069548252,888810.52122,-0.17359314564975123,10310.89,10334.89,12338.94,-0.16241670678356496,2780,3121,-0.10925985261134252,812.0,800.0,27.0,27.0,0.0,264.215506098858,71.23721686050625,True,comparavel,dias com ao menos uma linha de venda; nao prova abertura ou fechamento operacional,linhas de venda diarias
2025-01,2,Recife,PE,2677509.423541835,2898910.269467492,-0.0763738182093945,38801.08,38944.08,43073.62,-0.09587167273147695,7893,8824,-0.10550770625566637,1293.0,1361.0,30.0,30.0,0.0,339.225823329765,69.00605404648105,True,comparavel,dias com ao menos uma linha de venda; nao prova abertura ou fechamento operacional,linhas de venda diarias
2025-01,3,Salvador,BA,2173079.3635834916,3951068.3279215503,-0.4500020796333242,36062.26,36113.26,50040.01,-0.27831229450193956,7390,9204,-0.19708822251195132,1228.0,1269.0,30.0,30.0,0.0,294.05674744025595,60.259100887839296,True,comparavel,dias com ao menos uma linha de venda; nao prova abertura ou fechamento operacional,linhas de venda diarias
2025-01,4,Recife,PE,2236025.240571961,2377800.464265381,-0.059624525196323185,30210.82,30570.82,39181.13,-0.21975655117654846,8011,8955,-0.10541596873255164,1283.0,1298.0,30.0,30.0,0.0,279.11936594332303,74.0140532621081,True,comparavel,dias com ao menos uma linha de venda; nao prova abertura ou fechamento operacional,linhas de venda diarias
2025-01,5,Aracaju,SE,965300.392234706,1484624.0771902797,-0.3498014702404787,15102.24,15144.24,19893.88,-0.23874880113884275,4363,5272,-0.17242033383915023,987.0,1002.0,30.0,30.0,0.0,221.24693839896997,63.91769646322042,True,comparavel,dias com ao menos uma linha de venda; nao prova abertura ou fechamento operacional,linhas de venda diarias
2025-01,6,Joao Pessoa,PB,1616798.5102595047,2044981.3317327956,-0.2093822641943016,22084.3,22248.3,30996.77,-0.28223811706832685,5976,6715,-0.11005212211466865,1126.0,1124.0,30.0,30.0,0.0,270.5486128278957,73.2103127678715,True,comparavel,dias com ao menos uma linha de venda; nao prova abertura ou fechamento operacional,linhas de venda diarias
2025-01,7,Natal,RN,1177420.835295107,1446371.7401195888,-0.1859486723670669,13531.19,13531.19,18763.25,-0.27884614872157004,4361,5309,-0.1785647014503673,996.0,982.0,30.0,30.0,0.0,269.9887262772545,87.01532055163715,True,comparavel,dias com ao menos uma linha de venda; nao prova abertura ou fechamento operacional,linhas de venda diarias
2025-01,8,Caruaru,PE,913938.2244650001,1056258.1262612354,-0.13473969880827838,15487.58,15509.58,15854.33,-0.021744848252811692,3678,3820,-0.03717277486910995,960.0,906.0,30.0,30.0,0.0,248.4878261188146,59.01104139349079,True,comparavel,dias com ao menos uma linha de venda; nao prova abertura ou fechamento operacional,linhas de venda diarias
2025-01,9,Salvador,BA,1041651.6802507696,0.0,,21049.31,21053.31,0.0,,6004,0,,1153.0,0.0,30.0,0.0,,173.49295140752326,49.48626250697859,False,nova_ou_sem_base_yoy,dias com ao menos uma linha de venda; nao prova abertura ou fechamento operacional,linhas de venda diarias
2025-01,92,Cabo De Santo Agostinho,PE,731117.7006,1377053.8054175,-0.4690710720788886,950.05,950.05,2571.78,-0.6305865976094379,314,532,-0.40977443609022557,104.0,129.0,30.0,30.0,0.0,2328.400320382166,769.5570765749171,True,comparavel,dias com ao menos uma linha de venda; nao prova abertura ou fechamento operacional,linhas de venda diarias
2025-01,93,Alhandra,PB,6648653.606256977,8850265.719804663,-0.24876226129810247,3792.0,3792.0,6101.0,-0.37846254712342237,1081,1295,-0.16525096525096525,121.0,154.0,30.0,30.0,0.0,6150.465870728008,1753.3369214812703,True,comparavel,dias com ao menos uma linha de venda; nao prova abertura ou fechamento operacional,linhas de venda diarias
2025-02,1,Garanhuns,PE,787264.6313700001,889770.7888973077,-0.11520512788955843,10111.95,10111.95,12599.86,-0.19745536855171406,2301,2584,-0.10952012383900929,749.0,720.0,25.0,23.0,0.08695652173913043,342.14021354628426,77.8548777802501,True,comparavel,dias com ao menos uma linha de venda; nao prova abertura ou fechamento operacional,linhas de venda diarias
2025-02,2,Recife,PE,1963747.0172005626,2538134.9247231656,-0.2263031416997075,31417.07,31669.07,38990.16,-0.18776763162808266,6589,7788,-0.153954802259887,1195.0,1334.0,28.0,28.0,0.0,298.0341504326245,62.5057338956358,True,comparavel,dias com ao menos uma linha de venda; nao prova abertura ou fechamento operacional,linhas de venda diarias
2025-02,3,Salvador,BA,2079893.4327005066,3281058.2543630404,-0.366090672137645,37758.64,37930.64,44902.96,-0.1552752869743999,6595,8637,-0.2364246844969318,1143.0,1301.0,28.0,28.0,0.0,315.3742885065211,55.08390748979589,True,comparavel,dias com ao menos uma linha de venda; nao prova abertura ou fechamento operacional,linhas de venda diarias
2025-02,4,Recife,PE,1742019.3490368533,2001767.8486829787,-0.1297595521963356,26908.66,26963.66,30718.02,-0.12222011705181521,6723,7952,-0.1545523138832998,1169.0,1254.0,28.0,28.0,0.0,259.11339417475136,64.73824222524843,True,comparavel,dias com ao menos uma linha de venda; nao prova abertura ou fechamento operacional,linhas de venda diarias
2025-02,5,Aracaju,SE,883100.6298254546,1200301.8426274941,-0.2642678712445174,13858.89,13890.89,19793.22,-0.2981995855146359,3689,4768,-0.2263003355704698,904.0,983.0,28.0,27.0,0.037037037037037035,239.38753858103945,63.72087734482737,True,comparavel,dias com ao menos uma linha de venda; nao prova abertura ou fechamento operacional,linhas de venda diarias
2025-02,6,Joao Pessoa,PB,1230354.7987614444,1698074.744621457,-0.27544131808183686,20483.61,20523.61,24999.06,-0.17902473132989802,4741,6145,-0.22847843775427176,993.0,1133.0,28.0,29.0,-0.034482758620689655,259.5137732042701,60.06533022067128,True,comparavel,dias com ao menos uma linha de venda; nao prova abertura ou fechamento operacional,linhas de venda diarias
2025-02,7,Natal,RN,779494.8429500001,1229618.6960014163,-0.36606783429299594,10087.81,10099.81,17278.22,-0.4154600416015076,3554,4895,-0.27395301327885596,909.0,987.0,28.0,29.0,-0.034482758620689655,219.32888096510976,77.27096792564492,True,comparavel,dias com ao menos uma linha de venda; nao prova abertura ou fechamento operacional,linhas de venda diarias
2025-02,8,Caruaru,PE,944347.16808,794321.6472136364,0.18887250699087835,17287.0,17295.0,13949.6,0.23982049664506505,3401,3289,0.03405290361812101,885.0,844.0,28.0,26.0,0.07692307692307693,277.66750017053806,54.627591142477,True,comparavel,dias com ao menos uma linha de venda; nao prova abertura ou fechamento operacional,linhas de venda diarias
2025-02,9,Salvador,BA,994702.713553826,0.0,,19428.36,19432.36,0.0,,5127,0,,1081.0,0.0,28.0,0.0,,194.01262210919174,51.19849094590722,False,nova_ou_sem_base_yoy,dias com ao menos uma linha de venda; nao prova abertura ou fechamento operacional,linhas de venda diarias
2025-02,92,Cabo De Santo Agostinho,PE,1135160.5729,1202180.567714095,-0.05574869251258261,1169.36,1169.36,1818.1,-0.3568230570375667,353,483,-0.2691511387163561,91.0,124.0,28.0,29.0,-0.034482758620689655,3215.752331161473,970.7537224635699,True,comparavel,dias com ao menos uma linha de venda; nao prova abertura ou fechamento operacional,linhas de venda diarias
2025-02,93,Alhandra,PB,5191407.859174222,5601541.61021624,-0.07321801382212458,2782.0,2782.0,3646.0,-0.2369720241360395,959,1175,-0.18382978723404256,112.0,141.0,28.0,29.0,-0.034482758620689655,5413.355431881358,1866.070402291237,True,comparavel,dias com ao menos uma linha de venda; nao prova abertura ou fechamento operacional,linhas de venda diarias
2025-03,1,Garanhuns,PE,730609.78277,824354.94911,-0.11371941957916341,6457.6,6521.6,12908.25,-0.4947727228710321,2066,2975,-0.30554621848739494,694.0,783.0,24.0,29.0,-0.1724137931034483,353.6349384172314,113.13952285214322,True,comparavel,dias com ao menos uma linha de venda; nao prova abertura ou fechamento operacional,linhas de venda diarias
2025-03,2,Recife,PE,1891823.4102697296,2555972.543721366,-0.2598420452845199,27088.7,27154.7,38992.08,-0.30358421505085137,6133,8851,-0.30708394531691335,1159.0,1390.0,30.0,31.0,-0.03225806451612903,308.4662335349306,69.83810261362596,True,comparavel,dias com ao menos uma linha de venda; nao prova abertura ou fechamento operacional,linhas de venda diarias
2025-03,3,Salvador,BA,1990445.5552942567,3777554.6661738763,-0.47308623403449146,32451.57,32485.57,47574.66,-0.31716653361264174,5903,9049,-0.34766272516300145,1083.0,1344.0,30.0,30.0,0.0,337.19219977880005,61.33587851972206,True,comparavel,dias com ao menos uma linha de venda; nao prova abertura ou fechamento operacional,linhas de venda diarias
2025-03,4,Recife,PE,1565035.4693630536,1950556.1358641444,-0.197646537524692,20632.73,20757.73,30925.65,-0.32878597539582843,6110,8751,-0.3017940806764941,1103.0,1341.0,30.0,31.0,-0.03225806451612903,256.1432846748042,75.85207916562925,True,comparavel,dias com ao menos uma linha de venda; nao prova abertura ou fechamento operacional,linhas de venda diarias
2025-03,5,Aracaju,SE,836523.136265,1393268.0813309306,-0.3995964255020437,12132.94,12164.94,19481.69,-0.3755705998812217,3422,4856,-0.2953047775947282,875.0,979.0,28.0,29.0,-0.034482758620689655,244.4544524444769,68.94644960454761,True,comparavel,dias com ao menos uma linha de venda; nao prova abertura ou fechamento operacional,linhas de venda diarias
2025-03,6,Joao Pessoa,PB,1201637.7407962568,1725907.1008829498,-0.3037645304422724,17431.13,17455.13,25946.58,-0.3272666378382045,4828,6553,-0.2632382115061804,972.0,1191.0,31.0,31.0,0.0,248.88934150709545,68.93630767461758,True,comparavel,dias com ao menos uma linha de venda; nao prova abertura ou fechamento operacional,linhas de venda diarias
2025-03,7,Natal,RN,848393.3429766666,1029128.3098601961,-0.1756194685850997,8988.79,8996.79,14669.67,-0.38670808545795504,3495,4714,-0.25859142978362326,871.0,980.0,31.0,30.0,0.03333333333333333,242.74487638817357,94.3834868738358,True,comparavel,dias com ao menos uma linha de venda; nao prova abertura ou fechamento operacional,linhas de venda diarias
2025-03,8,Caruaru,PE,952836.380535,984683.7049850001,-0.032342694703661426,14480.75,14516.75,16517.84,-0.12114719600141424,3058,4184,-0.2691204588910134,840.0,965.0,28.0,30.0,-0.06666666666666667,311.58809043001963,65.80020928025137,True,comparavel,dias com ao menos uma linha de venda; nao prova abertura ou fechamento operacional,linhas de venda diarias
2025-03,9,Salvador,BA,891525.2247666667,791620.6771581818,0.12620254939162223,15788.06,15788.06,17549.25,-0.10035699531319005,4386,2966,0.4787592717464599,1000.0,799.0,30.0,11.0,1.7272727272727273,203.26612511779905,56.46832003214244,True,comportamento_atipico,dias com ao menos uma linha de venda; nao prova abertura ou fechamento operacional,linhas de venda diarias
2025-03,92,Cabo De Santo Agostinho,PE,1210952.64045,1327785.88094,-0.08799102488368714,1341.66,1341.66,2868.41,-0.5322635188135587,327,494,-0.33805668016194335,76.0,138.0,31.0,31.0,0.0,3703.2190839449545,902.577881467734,True,comparavel,dias com ao menos uma linha de venda; nao prova abertura ou fechamento operacional,linhas de venda diarias
2025-03,93,Alhandra,PB,5050122.549282415,10160748.937875137,-0.5029773316750684,3105.0,3105.0,6987.0,-0.5556032632030915,817,1636,-0.5006112469437652,94.0,161.0,31.0,31.0,0.0,6181.300549917277,1626.448486081293,True,comportamento_atipico,dias com ao menos uma linha de venda; nao prova abertura ou fechamento operacional,linhas de venda diarias
2025-04,1,Garanhuns,PE,804336.43584,887916.5579375001,-0.09413060422214041,7957.07,7961.07,12992.99,-0.3872796023086295,2102,3214,-0.3459863098942128,680.0,852.0,26.0,26.0,0.0,382.65291904852523,101.08449917369083,True,comparavel,dias com ao menos uma linha de venda; nao prova abertura ou fechamento operacional,linhas de venda diarias
2025-04,2,Recife,PE,2261380.2164169685,2803905.868504417,-0.19348925303859357,28703.3,28733.3,41333.51,-0.30484248736678793,5744,9124,-0.3704515563349408,1139.0,1517.0,30.0,30.0,0.0,393.69432737064216,78.78467689836947,True,comparavel,dias com ao menos uma linha de venda; nao prova abertura ou fechamento operacional,linhas de venda diarias
2025-04,3,Salvador,BA,1981876.3060735262,3281012.8071191604,-0.395955937211449,30858.4,30862.4,50782.87,-0.3922675106783055,5468,9221,-0.4070057477497018,999.0,1368.0,30.0,30.0,0.0,362.44994624607284,64.22485631379223,True,comparavel,dias com ao menos uma linha de venda; nao prova abertura ou fechamento operacional,linhas de venda diarias
2025-04,4,Recife,PE,1661788.3205375,2180513.4878816665,-0.2378912903896318,19825.26,19929.26,36939.96,-0.46049589658462003,5784,9190,-0.370620239390642,1062.0,1408.0,30.0,30.0,0.0,287.3078009228043,83.82176680343663,True,comparavel,dias com ao menos uma linha de venda; nao prova abertura ou fechamento operacional,linhas de venda diarias
2025-04,5,Aracaju,SE,801790.6424266667,1331019.8123755704,-0.3976117898683634,11334.03,11350.03,20402.23,-0.4436867930613467,3067,5193,-0.40939726554977857,796.0,1063.0,28.0,30.0,-0.06666666666666667,261.4250545897185,70.74188461003426,True,comparavel,dias com ao menos uma linha de venda; nao prova abertura ou fechamento operacional,linhas de venda diarias
2025-04,6,Joao Pessoa,PB,1534620.0255500001,1713558.880684231,-0.10442527371033775,18760.51,18768.51,25383.36,-0.2605978877500852,4242,6616,-0.35882708585247886,930.0,1216.0,30.0,30.0,0.0,361.7680399693541,81.8005494280273,True,comparavel,dias com ao menos uma linha de venda; nao prova abertura ou fechamento operacional,linhas de venda diarias
2025-04,7,Natal,RN,926056.7169,1150166.30904375,-0.1948497277146598,9326.11,9330.11,17771.73,-0.4750027149861043,3022,4945,-0.3888776541961577,802.0,1027.0,29.0,30.0,-0.03333333333333333,306.43835767703507,99.29721147402293,True,comparavel,dias com ao menos uma linha de venda; nao prova abertura ou fechamento operacional,linhas de venda diarias
2025-04,8,Caruaru,PE,1018822.7763,993245.5543600001,0.025751156728288302,14451.72,14487.72,17953.28,-0.19303213674604305,2936,4376,-0.3290676416819013,805.0,1042.0,29.0,30.0,-0.03333333333333333,347.01048239100817,70.4983750238726,True,comparavel,dias com ao menos uma linha de venda; nao prova abertura ou fechamento operacional,linhas de venda diarias
2025-04,9,Salvador,BA,922886.6251634615,1492215.3249923286,-0.38153253776012114,14922.09,15631.09,28659.47,-0.4545924959533446,4103,6905,-0.4057929036929761,946.0,1086.0,30.0,30.0,0.0,224.92971610125798,61.8470083723836,True,comparavel,dias com ao menos uma linha de venda; nao prova abertura ou fechamento operacional,linhas de venda diarias
2025-04,92,Cabo De Santo Agostinho,PE,766413.1629,1100568.5042275,-0.30362066517799086,965.92,965.92,2919.18,-0.6691125590062963,293,418,-0.29904306220095694,83.0,138.0,30.0,30.0,0.0,2615.7445832764506,793.454077873944,True,comparavel,dias com ao menos uma linha de venda; nao prova abertura ou fechamento operacional,linhas de venda diarias
2025-04,93,Alhandra,PB,3107846.3481854894,9426878.235105865,-0.6703207285937127,2015.0,2015.0,6527.0,-0.6912823655584495,677,1699,-0.6015303119482048,89.0,178.0,30.0,30.0,0.0,4590.614989934254,1542.355507784362,True,comportamento_atipico,dias com ao menos uma linha de venda; nao prova abertura ou fechamento operacional,linhas de venda diarias
2025-05,1,Garanhuns,PE,966070.6489,1160491.0834987878,-0.16753289823875744,10795.0,10795.0,16199.06,-0.33360330784625775,2219,3757,-0.4093691775352675,675.0,938.0,28.0,28.0,0.0,435.36306845425867,89.49241768411302,True,comparavel,dias com ao menos uma linha de venda; nao prova abertura ou fechamento operacional,linhas de venda diarias
2025-05,2,Recife,PE,2151417.161524522,2949179.3482771246,-0.27050311037158375,30457.75,30485.75,45465.36,-0.3294730317762798,5316,9594,-0.4459036898061288,1020.0,1576.0,31.0,31.0,0.0,404.70601232590707,70.63611598113853,True,comparavel,dias com ao menos uma linha de venda; nao prova abertura ou fechamento operacional,linhas de venda diarias
2025-05,3,Salvador,BA,2106488.164861673,3693302.776110422,-0.4296465000142481,40138.5,40216.5,47508.98,-0.15349687574854276,5390,9450,-0.42962962962962964,994.0,1467.0,30.0,31.0,-0.03225806451612903,390.81413077211005,52.480490423450625,True,comparavel,dias com ao menos uma linha de venda; nao prova abertura ou fechamento operacional,linhas de venda diarias
2025-05,4,Recife,PE,1591835.8117769642,2494256.382556912,-0.36179944334946773,25227.61,25411.61,39971.12,-0.3642507390335823,5431,10065,-0.4604073522106309,992.0,1529.0,31.0,31.0,0.0,293.10178821155665,63.09895435108455,True,comparavel,dias com ao menos uma linha de venda; nao prova abertura ou fechamento operacional,linhas de venda diarias
2025-05,5,Aracaju,SE,1059024.49345,1380510.8651160991,-0.23287493042589172,14778.19,14882.19,22361.07,-0.33445984472120516,3192,5447,-0.413989351936846,816.0,1135.0,31.0,30.0,0.03333333333333333,331.77459067982454,71.661312613385,True,comparavel,dias com ao menos uma linha de venda; nao prova abertura ou fechamento operacional,linhas de venda diarias
2025-05,6,Joao Pessoa,PB,1477198.9198750001,2137446.9695749977,-0.30889564003137765,21944.46,21956.46,32278.55,-0.3197817126233985,3983,7523,-0.470556958660109,826.0,1359.0,31.0,31.0,0.0,370.8759527680141,67.31534609988125,True,comparavel,dias com ao menos uma linha de venda; nao prova abertura ou fechamento operacional,linhas de venda diarias
2025-05,7,Natal,RN,977120.771025,1229028.6001588237,-0.20496498543749944,11045.91,11045.91,16771.69,-0.34139553020596014,2909,5226,-0.4433601224646001,756.0,1133.0,30.0,30.0,0.0,335.89576178239946,88.45996129110232,True,comparavel,dias com ao menos uma linha de venda; nao prova abertura ou fechamento operacional,linhas de venda diarias
2025-05,8,Caruaru,PE,898500.575175,1244679.6474875,-0.2781270449880772,16824.88,16835.88,22454.52,-0.25022311766183375,2829,4841,-0.4156166081388143,753.0,1117.0,30.0,31.0,-0.03225806451612903,317.6035967391304,53.40308966096637,True,comparavel,dias com ao menos uma linha de venda; nao prova abertura ou fechamento operacional,linhas de venda diarias
2025-05,9,Salvador,BA,1015531.1636184849,1192450.33198,-0.14836606910725608,19748.98,20053.98,22023.47,-0.08942687051586337,3884,6171,-0.3706044401231567,891.0,1136.0,30.0,30.0,0.0,261.465284144821,51.42195513988494,True,comparavel,dias com ao menos uma linha de venda; nao prova abertura ou fechamento operacional,linhas de venda diarias
2025-05,92,Cabo De Santo Agostinho,PE,1101016.46865,1434311.4612145454,-0.23237281551269076,1125.16,1125.16,2847.38,-0.6048437510975001,301,509,-0.4086444007858546,73.0,155.0,31.0,31.0,0.0,3657.862022093023,978.5421350296846,True,comparavel,dias com ao menos uma linha de venda; nao prova abertura ou fechamento operacional,linhas de venda diarias
2025-05,93,Alhandra,PB,3146239.004291408,9005094.011861712,-0.6506156404200655,1629.0,1629.0,6031.0,-0.7298955397114907,528,1813,-0.7087699944842802,68.0,182.0,31.0,31.0,0.0,5958.785992976152,1931.3928817012943,True,comportamento_atipico,dias com ao menos uma linha de venda; nao prova abertura ou fechamento operacional,linhas de venda diarias
2025-06,1,Garanhuns,PE,578891.1569031818,992640.4534550001,-0.4168168797792956,7127.56,7131.56,14599.34,-0.5115149040984044,1637,3410,-0.519941348973607,579.0,908.0,25.0,26.0,-0.038461538461538464,353.6292956036541,81.21869993422459,True,comparavel,dias com ao menos uma linha de venda; nao prova abertura ou fechamento operacional,linhas de venda diarias
2025-06,2,Recife,PE,1451689.5916446503,2744820.241200064,-0.47111669833433006,18945.89,18956.89,44154.91,-0.5706731142697381,4356,9185,-0.525748502994012,871.0,1564.0,30.0,30.0,0.0,333.2620733803146,76.62292938704122,True,comparavel,dias com ao menos uma linha de venda; nao prova abertura ou fechamento operacional,linhas de venda diarias
2025-06,3,Salvador,BA,1419235.4909701983,3480444.672940254,-0.5922258147056714,27034.98,27070.98,45498.68,-0.40501614552334264,4234,9119,-0.5356947033665972,834.0,1450.0,30.0,30.0,0.0,335.19969082905016,52.496265614777535,True,comportamento_atipico,dias com ao menos uma linha de venda; nao prova abertura ou fechamento operacional,linhas de venda diarias
2025-06,4,Recife,PE,1074771.766629021,2249153.868230513,-0.5221439574187154,16354.49,16455.49,37150.75,-0.5570617013115482,4130,9802,-0.5786574168537033,863.0,1519.0,30.0,30.0,0.0,260.23529458329807,65.71722912967759,True,comportamento_atipico,dias com ao menos uma linha de venda; nao prova abertura ou fechamento operacional,linhas de venda diarias
2025-06,5,Aracaju,SE,575627.0665283334,1202925.351215,-0.521477316986521,9176.22,9240.22,19553.63,-0.5274422191685125,2482,5358,-0.5367674505412467,673.0,1133.0,29.0,29.0,0.0,231.92065532970724,62.73030360304498,True,comportamento_atipico,dias com ao menos uma linha de venda; nao prova abertura ou fechamento operacional,linhas de venda diarias
2025-06,6,Joao Pessoa,PB,936628.8702325758,1810599.928870611,-0.4826969474052657,15316.53,15316.53,28343.42,-0.4596089674428844,3291,7052,-0.5333238797504254,738.0,1335.0,30.0,30.0,0.0,284.60312070269697,61.151505610773185,True,comparavel,dias com ao menos uma linha de venda; nao prova abertura ou fechamento operacional,linhas de venda diarias
2025-06,7,Natal,RN,624297.43938,1127506.03693,-0.4463023532185674,6996.55,6999.55,16692.28,-0.5806714241553581,2596,5188,-0.49961449498843485,663.0,1100.0,30.0,30.0,0.0,240.48437572419107,89.22932579342675,True,comparavel,dias com ao menos uma linha de venda; nao prova abertura ou fechamento operacional,linhas de venda diarias
2025-06,8,Caruaru,PE,573686.555175,1047103.76222,-0.45212062464687575,10353.78,10353.78,18405.74,-0.43747005010393497,2287,4488,-0.49041889483065954,625.0,1071.0,29.0,30.0,-0.03333333333333333,250.84676658285963,55.408416556561946,True,comparavel,dias com ao menos uma linha de venda; nao prova abertura ou fechamento operacional,linhas de venda diarias
2025-06,9,Salvador,BA,601368.2009353288,1037602.8295792075,-0.42042544238318097,12699.85,12699.85,22413.1,-0.4333737858663014,3045,5792,-0.474274861878453,748.0,1130.0,30.0,30.0,0.0,197.49366204772704,47.35238612545257,True,comparavel,dias com ao menos uma linha de venda; nao prova abertura ou fechamento operacional,linhas de venda diarias
2025-06,92,Cabo De Santo Agostinho,PE,488534.26755,930439.3158900001,-0.4749423640995881,961.93,961.93,2477.4700000000003,-0.6117289008545008,180,440,-0.5909090909090909,53.0,140.0,29.0,30.0,-0.03333333333333333,2714.0792641666667,507.8688340627697,True,comparavel,dias com ao menos uma linha de venda; nao prova abertura ou fechamento operacional,linhas de venda diarias
2025-06,93,Alhandra,PB,2609439.92036875,6835387.765213522,-0.6182455172991583,1177.0,1177.0,4678.0,-0.748396750748183,418,1681,-0.7513384889946461,63.0,180.0,29.0,30.0,-0.03333333333333333,6242.679235331938,2217.0262704917163,True,comportamento_atipico,dias com ao menos uma linha de venda; nao prova abertura ou fechamento operacional,linhas de venda diarias
2025-07,1,Garanhuns,PE,559536.98115,1095435.5354000002,-0.4892104892820698,6154.45,6154.45,15967.9,-0.6145736133117067,1728,4111,-0.5796643152517635,562.0,1030.0,29.0,28.0,0.03571428571428571,323.80612335069446,90.91583832023983,True,comparavel,dias com ao menos uma linha de venda; nao prova abertura ou fechamento operacional,linhas de venda diarias
2025-07,2,Recife,PE,1525089.3268224637,2735725.0435985588,-0.4425282868279888,20690.33,20758.33,46126.31,-0.5499676865545932,4528,10209,-0.5564697815652855,844.0,1596.0,31.0,31.0,0.0,336.813013874219,73.71024661387534,True,comparavel,dias com ao menos uma linha de venda; nao prova abertura ou fechamento operacional,linhas de venda diarias
2025-07,3,Salvador,BA,1596692.8905980515,3255275.8154579937,-0.5095061121960849,27434.3,27469.3,45384.54,-0.3947432319463853,4417,10017,-0.5590496156533893,806.0,1509.0,31.0,31.0,0.0,361.4880893362127,58.200606197280464,True,comportamento_atipico,dias com ao menos uma linha de venda; nao prova abertura ou fechamento operacional,linhas de venda diarias
2025-07,4,Recife,PE,1282246.7647045231,2314918.4283521213,-0.44609419105221226,16857.79,16857.79,36741.74,-0.5411815009305493,4337,10570,-0.5896877956480605,836.0,1573.0,31.0,31.0,0.0,295.65293168192835,76.06256601277647,True,comparavel,dias com ao menos uma linha de venda; nao prova abertura ou fechamento operacional,linhas de venda diarias
2025-07,5,Aracaju,SE,644116.0469583333,1185675.7281366668,-0.45675193337171077,9578.48,9721.48,17882.12,-0.4563575236045838,2476,5879,-0.5788399387650961,633.0,1208.0,31.0,31.0,0.0,260.1437992561928,67.24616504480183,True,comparavel,dias com ao menos uma linha de venda; nao prova abertura ou fechamento operacional,linhas de venda diarias
2025-07,6,Joao Pessoa,PB,885268.468875,1909156.092915303,-0.536303777276176,13895.47,13905.47,27092.93,-0.4867491260635155,3284,7540,-0.5644562334217507,685.0,1402.0,31.0,31.0,0.0,269.57017931638245,63.70914181924037,True,comportamento_atipico,dias com ao menos uma linha de venda; nao prova abertura ou fechamento operacional,linhas de venda diarias
2025-07,7,Natal,RN,595733.699745,1093178.6193600001,-0.4550445012419183,7269.09,7269.09,16055.22,-0.5472444476002197,2285,5770,-0.6039861351819757,642.0,1161.0,31.0,31.0,0.0,260.7149670656455,81.95437114480629,True,comparavel,dias com ao menos uma linha de venda; nao prova abertura ou fechamento operacional,linhas de venda diarias
2025-07,8,Caruaru,PE,676893.9261064103,1143746.57026,-0.40817839921256616,10290.38,10301.38,17540.34,-0.4127035165794962,2275,4871,-0.5329501129131595,622.0,1137.0,31.0,31.0,0.0,297.5357916951254,65.77929348638344,True,comparavel,dias com ao menos uma linha de venda; nao prova abertura ou fechamento operacional,linhas de venda diarias
2025-07,9,Salvador,BA,731437.4099527972,1174228.3215264103,-0.37709098261061996,13814.9,13814.9,20621.13,-0.3300609617416699,3179,6441,-0.5064430988976867,719.0,1199.0,31.0,31.0,0.0,230.0841176322105,52.94554502405354,True,comparavel,dias com ao menos uma linha de venda; nao prova abertura ou fechamento operacional,linhas de venda diarias
2025-07,92,Cabo De Santo Agostinho,PE,725132.1718170834,1298387.0884203846,-0.4415131063115562,995.89,995.89,2888.56,-0.655229595369319,211,531,-0.6026365348399246,60.0,134.0,31.0,31.0,0.0,3436.6453640620066,728.1247645995877,True,comparavel,dias com ao menos uma linha de venda; nao prova abertura ou fechamento operacional,linhas de venda diarias
2025-07,93,Alhandra,PB,3960056.175132167,7186088.209952032,-0.44892741928106655,2169.0,2169.0,5240.0,-0.5860687022900763,422,1761,-0.7603634298693924,50.0,182.0,31.0,31.0,0.0,9384.019372351107,1825.7520401715847,True,comparavel,dias com ao menos uma linha de venda; nao prova abertura ou fechamento operacional,linhas de venda diarias
2025-08,1,Garanhuns,PE,375840.47279,1040889.6889300001,-0.6389238198945447,5054.62,5089.62,13665.17,-0.6275479924508806,1338,3486,-0.6161790017211703,469.0,970.0,26.0,28.0,-0.07142857142857142,280.897214342302,74.35583145518358,True,comportamento_atipico,dias com ao menos uma linha de venda; nao prova abertura ou fechamento operacional,linhas de venda diarias
2025-08,2,Recife,PE,1200874.6312305008,2541923.2548775314,-0.5275724281107935,20121.11,20145.11,43807.2,-0.5401415749009295,3778,9921,-0.6191916137486141,740.0,1575.0,31.0,31.0,0.0,317.8598812150611,59.68232524102799,True,comportamento_atipico,dias com ao menos uma linha de venda; nao prova abertura ou fechamento operacional,linhas de venda diarias
2025-08,3,Salvador,BA,1442069.1200332325,3240706.148118321,-0.5550139216199674,19283.39,19339.39,48003.94,-0.5971291106521673,3378,9313,-0.6372812198002792,685.0,1546.0,31.0,31.0,0.0,426.9002723603412,74.78296710449939,True,comportamento_atipico,dias com ao menos uma linha de venda; nao prova abertura ou fechamento operacional,linhas de venda diarias
2025-08,4,Recife,PE,795211.38787664,2250315.253630576,-0.6466222292215834,14463.03,14485.03,36373.02,-0.601764439686339,3391,9795,-0.6538029606942317,691.0,1562.0,31.0,31.0,0.0,234.50645469673842,54.982350716042205,True,comportamento_atipico,dias com ao menos uma linha de venda; nao prova abertura ou fechamento operacional,linhas de venda diarias
2025-08,5,Aracaju,SE,577168.1911800001,1187482.3916550002,-0.5139564213869329,8709.460000000001,8753.460000000001,18748.04,-0.5330999933859752,2088,5598,-0.6270096463022508,549.0,1210.0,31.0,31.0,0.0,276.42154750000003,66.26911326075326,True,comportamento_atipico,dias com ao menos uma linha de venda; nao prova abertura ou fechamento operacional,linhas de venda diarias
2025-08,6,Joao Pessoa,PB,752314.468385,1809354.3410536365,-0.5842083270726801,12006.52,12007.52,26292.58,-0.5433114589743571,2801,7257,-0.6140278351936062,636.0,1348.0,31.0,31.0,0.0,268.58781448946803,62.658827735680276,True,comportamento_atipico,dias com ao menos uma linha de venda; nao prova abertura ou fechamento operacional,linhas de venda diarias
2025-08,7,Natal,RN,486884.75562045455,1071175.3442250001,-0.545466801261452,6650.73,6650.73,14877.51,-0.5529675328734446,1935,5292,-0.6343537414965986,544.0,1190.0,31.0,31.0,0.0,251.62002874442095,73.20771638909632,True,comportamento_atipico,dias com ao menos uma linha de venda; nao prova abertura ou fechamento operacional,linhas de venda diarias
2025-08,8,Caruaru,PE,585446.9544330129,1126192.2534100001,-0.48015363037675257,10785.17,10801.17,18303.13,-0.4098730654265145,1994,4758,-0.5809163514081547,552.0,1159.0,31.0,31.0,0.0,293.60429008676675,54.28258937346494,True,comparavel,dias com ao menos uma linha de venda; nao prova abertura ou fechamento operacional,linhas de venda diarias
2025-08,9,Salvador,BA,569294.0962064717,1234619.7435462237,-0.5388911450814188,11468.51,11468.51,22703.67,-0.4948609630073023,2626,6272,-0.5813137755102041,658.0,1234.0,31.0,31.0,0.0,216.79135422942562,49.63976106804386,True,comportamento_atipico,dias com ao menos uma linha de venda; nao prova abertura ou fechamento operacional,linhas de venda diarias
2025-08,92,Cabo De Santo Agostinho,PE,345244.06455,1120571.6577125,-0.6919036259985636,894.14,894.14,2865.52,-0.6879658840280298,138,465,-0.7032258064516129,36.0,134.0,31.0,31.0,0.0,2501.768583695652,386.1185771243877,True,comportamento_atipico,dias com ao menos uma linha de venda; nao prova abertura ou fechamento operacional,linhas de venda diarias
2025-08,93,Alhandra,PB,3782057.7701793797,7557681.113531544,-0.49957431209847586,1936.0,1936.0,4891.0,-0.604170926190963,388,1676,-0.7684964200477327,31.0,176.0,31.0,31.0,0.0,9747.571572627267,1953.5422366629027,True,comparavel,dias com ao menos uma linha de venda; nao prova abertura ou fechamento operacional,linhas de venda diarias
2025-09,1,Garanhuns,PE,324592.5165,718257.69372,-0.5480834812657966,5676.6,5796.6,10488.24,-0.4473238598659069,1211,2894,-0.5815480304077402,407.0,893.0,28.0,27.0,0.037037037037037035,268.03676011560697,57.18079774865237,True,comportamento_atipico,dias com ao menos uma linha de venda; nao prova abertura ou fechamento operacional,linhas de venda diarias
2025-09,2,Recife,PE,1050571.72160123,2379152.9361300804,-0.55842615006075,19800.93,19998.93,36692.73,-0.4549620592417081,3182,9024,-0.6473847517730497,663.0,1533.0,30.0,30.0,0.0,330.16081759938095,53.05668580219364,True,comportamento_atipico,dias com ao menos uma linha de venda; nao prova abertura ou fechamento operacional,linhas de venda diarias
2025-09,3,Salvador,BA,1254496.272846568,3475767.773019902,-0.6390736220686557,19059.97,19070.97,36913.51,-0.4833606991044742,2671,8494,-0.6855427360489758,573.0,1473.0,30.0,30.0,0.0,469.6728838811561,65.81837604395851,True,comportamento_atipico,dias com ao menos uma linha de venda; nao prova abertura ou fechamento operacional,linhas de venda diarias
2025-09,4,Recife,PE,787864.1757859841,1833644.0674007577,-0.5703287296630016,14003.59,14003.59,29464.8,-0.5247349379598707,2919,8601,-0.6606208580397628,609.0,1467.0,30.0,30.0,0.0,269.9089331229819,56.261585478151254,True,comportamento_atipico,dias com ao menos uma linha de venda; nao prova abertura ou fechamento operacional,linhas de venda diarias
2025-09,5,Aracaju,SE,388991.46510000003,992230.0215828877,-0.6079624112970815,5490.13,5510.13,14780.2,-0.6271951665065425,1562,4842,-0.6774060305658819,435.0,1088.0,30.0,30.0,0.0,249.0342286171575,70.8528696223951,True,comportamento_atipico,dias com ao menos uma linha de venda; nao prova abertura ou fechamento operacional,linhas de venda diarias
2025-09,6,Joao Pessoa,PB,598776.865,1696578.3397361364,-0.6470679537891979,9772.99,9772.99,23710.76,-0.587824683814437,2424,6542,-0.6294711097523693,556.0,1338.0,30.0,30.0,0.0,247.02015882838285,61.26854371077838,True,comportamento_atipico,dias com ao menos uma linha de venda; nao prova abertura ou fechamento operacional,linhas de venda diarias
2025-09,7,Natal,RN,368943.45118235296,828752.4413318182,-0.5548206764984547,4514.24,4514.24,14677.62,-0.6924406000427863,1559,4807,-0.6756812981069275,475.0,1142.0,30.0,30.0,0.0,236.6539135229974,81.72880732578528,True,comportamento_atipico,dias com ao menos uma linha de venda; nao prova abertura ou fechamento operacional,linhas de venda diarias
2025-09,8,Caruaru,PE,424691.81959666667,904987.7430183333,-0.5307209154234223,7327.45,7327.45,13192.38,-0.4445695166452149,1664,4004,-0.5844155844155844,477.0,1077.0,30.0,30.0,0.0,255.22344927684296,57.95901979497188,True,comportamento_atipico,dias com ao menos uma linha de venda; nao prova abertura ou fechamento operacional,linhas de venda diarias
2025-09,9,Salvador,BA,492253.6416519231,1083687.22422,-0.5457604088613023,8488.81,8488.81,16312.82,-0.4796233882308516,2063,5719,-0.6392726001049135,568.0,1205.0,30.0,30.0,0.0,238.6105873252172,57.988533334109626,True,comportamento_atipico,dias com ao menos uma linha de venda; nao prova abertura ou fechamento operacional,linhas de venda diarias
2025-09,92,Cabo De Santo Agostinho,PE,545314.38115,1789992.4696998077,-0.6953538127222108,595.64,595.64,5938.44,-0.8996975636699199,123,624,-0.8028846153846154,39.0,153.0,28.0,30.0,-0.06666666666666667,4433.450253252033,915.5100079746156,True,comportamento_atipico,dias com ao menos uma linha de venda; nao prova abertura ou fechamento operacional,linhas de venda diarias
2025-09,93,Alhandra,PB,1527298.8606166667,8302762.215621764,-0.8160493073325606,701.0,701.0,5206.0,-0.8653476757587399,262,1646,-0.8408262454434994,30.0,182.0,30.0,30.0,0.0,5829.3849641857505,2178.7430251307655,True,comportamento_atipico,dias com ao menos uma linha de venda; nao prova abertura ou fechamento operacional,linhas de venda diarias
2025-10,1,Garanhuns,PE,324848.4813,1005522.314265,-0.6769355819443427,4536.49,4536.49,16098.61,-0.7182061059930019,1119,3371,-0.6680510234351824,366.0,994.0,28.0,27.0,0.037037037037037035,290.3024855227882,71.60789096856821,True,comportamento_atipico,dias com ao menos uma linha de venda; nao prova abertura ou fechamento operacional,linhas de venda diarias
2025-10,2,Recife,PE,1054029.4558438463,2915956.60095623,-0.6385304721276721,15106.01,15375.01,53536.19,-0.7128109041752878,3183,9811,-0.6755682397309143,645.0,1505.0,31.0,31.0,0.0,331.14340428647387,69.77550364681649,True,comportamento_atipico,dias com ao menos uma linha de venda; nao prova abertura ou fechamento operacional,linhas de venda diarias
2025-10,3,Salvador,BA,1367256.0652261165,4021838.6023551608,-0.6600420353950901,15640.52,15662.52,56578.9,-0.7231738333548373,2702,9060,-0.701766004415011,566.0,1464.0,31.0,31.0,0.0,506.0163083738403,87.41755806239924,True,comportamento_atipico,dias com ao menos uma linha de venda; nao prova abertura ou fechamento operacional,linhas de venda diarias
2025-10,4,Recife,PE,826885.2868743286,2316591.1548489234,-0.6430594647037517,12831.86,12831.86,41800.21,-0.6930192455970915,2963,9484,-0.6875790805567271,571.0,1476.0,31.0,31.0,0.0,279.07029594138663,64.44001780523857,True,comportamento_atipico,dias com ao menos uma linha de venda; nao prova abertura ou fechamento operacional,linhas de venda diarias
2025-10,5,Aracaju,SE,481164.15655,1324329.484765,-0.6366733791814794,5265.79,5265.79,19898.43,-0.7353665590702382,1551,5380,-0.7117100371747211,433.0,1140.0,31.0,31.0,0.0,310.2283407801419,91.37549286052045,True,comportamento_atipico,dias com ao menos uma linha de venda; nao prova abertura ou fechamento operacional,linhas de venda diarias
2025-10,6,Joao Pessoa,PB,651909.595859313,1979445.9023248313,-0.6706605646086844,9104.22,9104.22,31647.23,-0.7123217419028459,2405,7277,-0.6695066648344098,512.0,1362.0,31.0,31.0,0.0,271.0642810225834,71.60521119429376,True,comportamento_atipico,dias com ao menos uma linha de venda; nao prova abertura ou fechamento operacional,linhas de venda diarias
2025-10,7,Natal,RN,447355.62515000004,1001736.32096,-0.5534197814438004,4883.98,4883.98,16424.79,-0.702645817693864,1738,5064,-0.6567930489731437,468.0,1142.0,31.0,31.0,0.0,257.3967923762946,91.59653093378762,True,comportamento_atipico,dias com ao menos uma linha de venda; nao prova abertura ou fechamento operacional,linhas de venda diarias
2025-10,8,Caruaru,PE,398524.1035317832,1239380.057665,-0.6784488332960551,5603.94,5603.94,23586.920000000002,-0.762413235810356,1459,4606,-0.6832392531480678,434.0,1121.0,31.0,31.0,0.0,273.1488029690084,71.11498401692081,True,comportamento_atipico,dias com ao menos uma linha de venda; nao prova abertura ou fechamento operacional,linhas de venda diarias
2025-10,9,Salvador,BA,513279.2646676471,1313776.78945,-0.6093101440142458,7503.29,7508.29,24894.8,-0.6983992641033469,2027,6138,-0.669762137504073,542.0,1254.0,31.0,30.0,0.03333333333333333,253.2211468513306,68.40722731863583,True,comportamento_atipico,dias com ao menos uma linha de venda; nao prova abertura ou fechamento operacional,linhas de venda diarias
2025-10,92,Cabo De Santo Agostinho,PE,355542.3921,3264759.719670568,-0.8910969190296565,477.37,477.37,4309.97,-0.8892405283563459,96,796,-0.8793969849246231,32.0,169.0,29.0,31.0,-0.06451612903225806,3703.566584375,744.7941682552317,True,comportamento_atipico,dias com ao menos uma linha de venda; nao prova abertura ou fechamento operacional,linhas de venda diarias
2025-10,93,Alhandra,PB,1770355.0764714284,11977499.800239377,-0.8521932702152041,946.0,946.0,7364.0,-0.8715372080391092,214,1700,-0.8741176470588236,20.0,173.0,31.0,31.0,0.0,8272.687273230973,1871.4112859106008,True,comportamento_atipico,dias com ao menos uma linha de venda; nao prova abertura ou fechamento operacional,linhas de venda diarias
2025-11,1,Garanhuns,PE,320093.34602,1236347.800065,-0.7410976539100314,3696.13,3720.13,18737.19,-0.801457422377635,992,3974,-0.7503774534474081,345.0,992.0,26.0,27.0,-0.037037037037037035,322.6747439717742,86.60229646143398,True,comportamento_atipico,dias com ao menos uma linha de venda; nao prova abertura ou fechamento operacional,linhas de venda diarias
2025-11,2,Recife,PE,850864.0771317832,4370868.310842551,-0.8053329415070467,12975.01,13470.01,55798.01,-0.7585933620213338,2775,10715,-0.7410172655156323,594.0,1560.0,30.0,30.0,0.0,306.6176854528949,65.57714230137651,True,comportamento_atipico,dias com ao menos uma linha de venda; nao prova abertura ou fechamento operacional,linhas de venda diarias
2025-11,3,Salvador,BA,2150859.366124073,3759042.4861611654,-0.42781722365671154,13148.02,13158.02,54144.47,-0.7569831231148813,2589,9940,-0.7395372233400402,510.0,1481.0,30.0,30.0,0.0,830.7683917049336,163.5880814087652,True,comparavel,dias com ao menos uma linha de venda; nao prova abertura ou fechamento operacional,linhas de venda diarias
2025-11,4,Recife,PE,638033.3577735826,3738993.320422253,-0.8293569142558597,10444.36,10479.36,49662.19,-0.788987155016724,2579,10657,-0.757999436989772,480.0,1512.0,30.0,30.0,0.0,247.39564085831043,61.08879412176357,True,comportamento_atipico,dias com ao menos uma linha de venda; nao prova abertura ou fechamento operacional,linhas de venda diarias
2025-11,5,Aracaju,SE,405206.7873,1682292.517130606,-0.7591341677063755,4474.09,4474.09,22085.24,-0.7974171890366598,1502,5963,-0.7481133657554923,403.0,1165.0,30.0,30.0,0.0,269.7781539946738,90.56741981050895,True,comportamento_atipico,dias com ao menos uma linha de venda; nao prova abertura ou fechamento operacional,linhas de venda diarias
2025-11,6,Joao Pessoa,PB,548354.3289769231,2606211.2310102913,-0.7895971276417395,6737.4800000000005,6737.4800000000005,38872.9,-0.8266792546992893,1992,8312,-0.7603464870067372,475.0,1371.0,30.0,30.0,0.0,275.278277598857,81.38863922073581,True,comportamento_atipico,dias com ao menos uma linha de venda; nao prova abertura ou fechamento operacional,linhas de venda diarias
2025-11,7,Natal,RN,408941.31075,1768979.918669706,-0.7688264821810251,4337.99,4337.99,25269.7,-0.8283323506017087,1543,6563,-0.7648941033064147,432.0,1206.0,30.0,30.0,0.0,265.03001344782894,94.26976796857531,True,comportamento_atipico,dias com ao menos uma linha de venda; nao prova abertura ou fechamento operacional,linhas de venda diarias
2025-11,8,Caruaru,PE,393474.7080060606,1604411.3225226472,-0.7547544682074465,4759.46,4823.46,25163.96,-0.8083187224904189,1208,5604,-0.7844396859386152,394.0,1184.0,30.0,30.0,0.0,325.72409603150714,82.67213255412602,True,comportamento_atipico,dias com ao menos uma linha de venda; nao prova abertura ou fechamento operacional,linhas de venda diarias
2025-11,9,Salvador,BA,524812.2046176471,1745941.74703,-0.6994102434915719,6931.2,6931.2,30495.37,-0.7727130380775835,1869,7249,-0.7421713339771003,516.0,1311.0,30.0,30.0,0.0,280.7983973342146,75.71736562466054,True,comportamento_atipico,dias com ao menos uma linha de venda; nao prova abertura ou fechamento operacional,linhas de venda diarias
2025-11,92,Cabo De Santo Agostinho,PE,773372.6431812501,3968534.7930544773,-0.8051238848819553,575.22,575.22,4228.78,-0.863974952586798,140,853,-0.835873388042204,33.0,158.0,30.0,30.0,0.0,5524.0903084375,1344.4814908752305,True,comportamento_atipico,dias com ao menos uma linha de venda; nao prova abertura ou fechamento operacional,linhas de venda diarias
2025-11,93,Alhandra,PB,1663555.7290374374,20728099.47811743,-0.9197439335529218,1031.0,1031.0,13586.0,-0.9241130575592522,133,1695,-0.9215339233038348,17.0,167.0,29.0,30.0,-0.03333333333333333,12507.937812311558,1613.5361096386396,True,comportamento_atipico,dias com ao menos uma linha de venda; nao prova abertura ou fechamento operacional,linhas de venda diarias
2025-12,1,Garanhuns,PE,181029.10688,952143.3832050001,-0.809872010798794,2573.16,2573.16,11084.69,-0.7678636028612438,720,3428,-0.7899649941656943,290.0,931.0,27.0,26.0,0.038461538461538464,251.42931511111112,70.35283732064855,True,comportamento_atipico,dias com ao menos uma linha de venda; nao prova abertura ou fechamento operacional,linhas de venda diarias
2025-12,2,Recife,PE,553245.9358363637,3310300.3250420117,-0.8328713767596473,8152.33,9089.33,42932.65,-0.7882886334759209,1925,9774,-0.80304890525885,469.0,1466.0,31.0,30.0,0.03333333333333333,287.40048614876036,67.86353543543548,True,comportamento_atipico,dias com ao menos uma linha de venda; nao prova abertura ou fechamento operacional,linhas de venda diarias
2025-12,3,Salvador,BA,923156.5273806172,2897371.469295094,-0.6813813702648167,8024.14,8058.14,43361.5,-0.8141637166610933,1746,9121,-0.8085736213134525,402.0,1391.0,31.0,30.0,0.03333333333333333,528.7265334367796,115.04741036181038,True,comportamento_atipico,dias com ao menos uma linha de venda; nao prova abertura ou fechamento operacional,linhas de venda diarias
2025-12,4,Recife,PE,423046.83707173914,2974958.775526539,-0.857797412000486,6265.64,6322.64,40391.8,-0.8434672383998733,1886,10090,-0.8130822596630327,388.0,1410.0,31.0,30.0,0.03333333333333333,224.3090334420674,67.51853554812264,True,comportamento_atipico,dias com ao menos uma linha de venda; nao prova abertura ou fechamento operacional,linhas de venda diarias
2025-12,5,Aracaju,SE,265562.66380000004,1281495.9268162588,-0.7927713555362113,3574.24,3574.24,18183.5,-0.8034349822641406,1099,5240,-0.7902671755725191,338.0,1064.0,30.0,30.0,0.0,241.64027643312104,74.29905764582122,True,comportamento_atipico,dias com ao menos uma linha de venda; nao prova abertura ou fechamento operacional,linhas de venda diarias
2025-12,6,Joao Pessoa,PB,321433.7112,1930190.7100498485,-0.8334704910108603,4702.33,4702.33,30449.24,-0.8455682309312155,1459,7775,-0.812347266881029,341.0,1261.0,30.0,30.0,0.0,220.31097409184375,68.35626406483595,True,comportamento_atipico,dias com ao menos uma linha de venda; nao prova abertura ou fechamento operacional,linhas de venda diarias
2025-12,7,Natal,RN,242321.20643000002,1391820.8678082258,-0.8258962686688295,2770.77,2770.77,17787.7,-0.8442311260027997,1060,5768,-0.8162274618585298,322.0,1138.0,31.0,30.0,0.03333333333333333,228.6049117264151,87.4562689902085,True,comportamento_atipico,dias com ao menos uma linha de venda; nao prova abertura ou fechamento operacional,linhas de venda diarias
2025-12,8,Caruaru,PE,183059.85330000002,1238085.9055366667,-0.8521428501193945,2680.04,2680.04,17407.3,-0.8460393053489053,783,4643,-0.8313590351066121,292.0,1088.0,31.0,30.0,0.03333333333333333,233.79291609195405,68.30489593438905,True,comportamento_atipico,dias com ao menos uma linha de venda; nao prova abertura ou fechamento operacional,linhas de venda diarias
2025-12,9,Salvador,BA,332689.9144227273,1368485.1600020833,-0.7568918362094472,4694.49,4694.49,23257.88,-0.7981548619220667,1484,7230,-0.794744121715076,440.0,1288.0,31.0,30.0,0.03333333333333333,224.18457845197258,70.86816979538295,True,comportamento_atipico,dias com ao menos uma linha de venda; nao prova abertura ou fechamento operacional,linhas de venda diarias
2025-12,92,Cabo De Santo Agostinho,PE,470085.5635,1102413.38592,-0.5735850366986445,528.46,528.46,1503.56,-0.6485274947458033,92,394,-0.766497461928934,21.0,118.0,31.0,30.0,0.03333333333333333,5109.625690217391,889.5385904325776,True,comportamento_atipico,dias com ao menos uma linha de venda; nao prova abertura ou fechamento operacional,linhas de venda diarias
2025-12,93,Alhandra,PB,4199.58,9187712.99660055,-0.999542913453919,4.0,4.0,5532.0,-0.9992769342010123,4,1203,-0.9966749792186201,4.0,147.0,4.0,30.0,-0.8666666666666667,1049.895,1049.895,True,comportamento_atipico,dias com ao menos uma linha de venda; nao prova abertura ou fechamento operacional,linhas de venda diarias
